Workbook

Sheet Dashboard
A1: Recruitment Funnel Dashboard
A2: Talent Acquisition project | Mock data (100 candidates, Jun-Oct 2026) | Replace the blue cells in Candidate_Data with your own anonymised data
A4: Total Applicants | B4: Shortlisted | C4: Interviewed | D4: Offers Made | E4: Joined | F4: Offer Acceptance Rate | G4: Avg Days to Hire | H4: Applicant-to-Join Rate
A5: =B11 -> 100 | B5: =B12 -> 62 | C5: =B13 -> 44 | D5: =B14 -> 20 | E5: =B15 -> 16 | F5: =IF(B14=0,0,B15/B14) -> 0.8 | G5: =IFERROR(AVERAGE(Candidate_Data!$J$2:$J$300),0) -> 27.375 | H5: =IF(B11=0,0,B15/B11) -> 0.16
A9: 1. Hiring Funnel
A10: Stage | B10: Candidates | C10: % of Applicants | D10: Drop-off vs Previous Stage
A11: Applied | B11: =COUNTA(Candidate_Data!$A$2:$A$300) -> 100 | C11: =IF($B$11=0,0,B11/$B$11) -> 1 | D11: -
A12: Shortlisted | B12: =COUNTIF(Candidate_Data!$E$2:$E$300,"Yes") -> 62 | C12: =IF($B$11=0,0,B12/$B$11) -> 0.62 | D12: =IF(B11=0,0,1-B12/B11) -> 0.38
A13: Interviewed | B13: =COUNTIF(Candidate_Data!$F$2:$F$300,"Yes") -> 44 | C13: =IF($B$11=0,0,B13/$B$11) -> 0.44 | D13: =IF(B12=0,0,1-B13/B12) -> 0.29032258
A14: Offer Made | B14: =COUNTIF(Candidate_Data!$G$2:$G$300,"Yes") -> 20 | C14: =IF($B$11=0,0,B14/$B$11) -> 0.2 | D14: =IF(B13=0,0,1-B14/B13) -> 0.54545455
A15: Joined | B15: =COUNTIF(Candidate_Data!$H$2:$H$300,"Yes") -> 16 | C15: =IF($B$11=0,0,B15/$B$11) -> 0.16 | D15: =IF(B14=0,0,1-B15/B14) -> 0.2
A17: 2. Performance by Sourcing Channel
A18: Source | B18: Applicants | C18: Shortlisted | D18: Interviewed | E18: Offers | F18: Joined | G18: Joining Rate | H18: Avg Days to Hire
A19: LinkedIn | B19: =COUNTIF(Candidate_Data!$C$2:$C$300,$A19) -> 32 | C19: =COUNTIFS(Candidate_Data!$C$2:$C$300,$A19,Candidate_Data!$E$2:$E$300,"Yes") -> 20 | D19: =COUNTIFS(Candidate_Data!$C$2:$C$300,$A19,Candidate_Data!$F$2:$F$300,"Yes") -> 14 | E19: =COUNTIFS(Candidate_Data!$C$2:$C$300,$A19,Candidate_Data!$G$2:$G$300,"Yes") -> 6 | F19: =COUNTIFS(Candidate_Data!$C$2:$C$300,$A19,Candidate_Data!$H$2:$H$300,"Yes") -> 4 | G19: =IF(B19=0,0,F19/B19) -> 0.125 | H19: =IFERROR(AVERAGEIFS(Candidate_Data!$J$2:$J$300,Candidate_Data!$C$2:$C$300,$A19),"") -> 34.75
A20: Naukri | B20: =COUNTIF(Candidate_Data!$C$2:$C$300,$A20) -> 24 | C20: =COUNTIFS(Candidate_Data!$C$2:$C$300,$A20,Candidate_Data!$E$2:$E$300,"Yes") -> 12 | D20: =COUNTIFS(Candidate_Data!$C$2:$C$300,$A20,Candidate_Data!$F$2:$F$300,"Yes") -> 8 | E20: =COUNTIFS(Candidate_Data!$C$2:$C$300,$A20,Candidate_Data!$G$2:$G$300,"Yes") -> 4 | F20: =COUNTIFS(Candidate_Data!$C$2:$C$300,$A20,Candidate_Data!$H$2:$H$300,"Yes") -> 2 | G20: =IF(B20=0,0,F20/B20) -> 0.083333333 | H20: =IFERROR(AVERAGEIFS(Candidate_Data!$J$2:$J$300,Candidate_Data!$C$2:$C$300,$A20),"") -> 32
A21: Indeed | B21: =COUNTIF(Candidate_Data!$C$2:$C$300,$A21) -> 16 | C21: =COUNTIFS(Candidate_Data!$C$2:$C$300,$A21,Candidate_Data!$E$2:$E$300,"Yes") -> 8 | D21: =COUNTIFS(Candidate_Data!$C$2:$C$300,$A21,Candidate_Data!$F$2:$F$300,"Yes") -> 7 | E21: =COUNTIFS(Candidate_Data!$C$2:$C$300,$A21,Candidate_Data!$G$2:$G$300,"Yes") -> 3 | F21: =COUNTIFS(Candidate_Data!$C$2:$C$300,$A21,Candidate_Data!$H$2:$H$300,"Yes") -> 3 | G21: =IF(B21=0,0,F21/B21) -> 0.1875 | H21: =IFERROR(AVERAGEIFS(Candidate_Data!$J$2:$J$300,Candidate_Data!$C$2:$C$300,$A21),"") -> 35
A22: Employee Referral | B22: =COUNTIF(Candidate_Data!$C$2:$C$300,$A22) -> 14 | C22: =COUNTIFS(Candidate_Data!$C$2:$C$300,$A22,Candidate_Data!$E$2:$E$300,"Yes") -> 12 | D22: =COUNTIFS(Candidate_Data!$C$2:$C$300,$A22,Candidate_Data!$F$2:$F$300,"Yes") -> 9 | E22: =COUNTIFS(Candidate_Data!$C$2:$C$300,$A22,Candidate_Data!$G$2:$G$300,"Yes") -> 6 | F22: =COUNTIFS(Candidate_Data!$C$2:$C$300,$A22,Candidate_Data!$H$2:$H$300,"Yes") -> 6 | G22: =IF(B22=0,0,F22/B22) -> 0.42857143 | H22: =IFERROR(AVERAGEIFS(Candidate_Data!$J$2:$J$300,Candidate_Data!$C$2:$C$300,$A22),"") -> 17.166667
A23: Campus | B23: =COUNTIF(Candidate_Data!$C$2:$C$300,$A23) -> 14 | C23: =COUNTIFS(Candidate_Data!$C$2:$C$300,$A23,Candidate_Data!$E$2:$E$300,"Yes") -> 10 | D23: =COUNTIFS(Candidate_Data!$C$2:$C$300,$A23,Candidate_Data!$F$2:$F$300,"Yes") -> 6 | E23: =COUNTIFS(Candidate_Data!$C$2:$C$300,$A23,Candidate_Data!$G$2:$G$300,"Yes") -> 1 | F23: =COUNTIFS(Candidate_Data!$C$2:$C$300,$A23,Candidate_Data!$H$2:$H$300,"Yes") -> 1 | G23: =IF(B23=0,0,F23/B23) -> 0.071428571 | H23: =IFERROR(AVERAGEIFS(Candidate_Data!$J$2:$J$300,Candidate_Data!$C$2:$C$300,$A23),"") -> 27
A24: Total | B24: =SUM(B19:B23) -> 100 | C24: =SUM(C19:C23) -> 62 | D24: =SUM(D19:D23) -> 44 | E24: =SUM(E19:E23) -> 20 | F24: =SUM(F19:F23) -> 16 | G24: =IF(B24=0,0,F24/B24) -> 0.16 | H24: =IFERROR(AVERAGE(Candidate_Data!$J$2:$J$300),"") -> 27.375
A26: 3. Performance by Role
A27: Role | B27: Applicants | C27: Shortlisted | D27: Interviewed | E27: Offers | F27: Joined | G27: Joining Rate | H27: Avg Days to Hire
A28: Sales Executive | B28: =COUNTIF(Candidate_Data!$B$2:$B$300,$A28) -> 32 | C28: =COUNTIFS(Candidate_Data!$B$2:$B$300,$A28,Candidate_Data!$E$2:$E$300,"Yes") -> 23 | D28: =COUNTIFS(Candidate_Data!$B$2:$B$300,$A28,Candidate_Data!$F$2:$F$300,"Yes") -> 18 | E28: =COUNTIFS(Candidate_Data!$B$2:$B$300,$A28,Candidate_Data!$G$2:$G$300,"Yes") -> 11 | F28: =COUNTIFS(Candidate_Data!$B$2:$B$300,$A28,Candidate_Data!$H$2:$H$300,"Yes") -> 8 | G28: =IF(B28=0,0,F28/B28) -> 0.25 | H28: =IFERROR(AVERAGEIFS(Candidate_Data!$J$2:$J$300,Candidate_Data!$B$2:$B$300,$A28),"") -> 30.75
A29: HR Executive | B29: =COUNTIF(Candidate_Data!$B$2:$B$300,$A29) -> 15 | C29: =COUNTIFS(Candidate_Data!$B$2:$B$300,$A29,Candidate_Data!$E$2:$E$300,"Yes") -> 9 | D29: =COUNTIFS(Candidate_Data!$B$2:$B$300,$A29,Candidate_Data!$F$2:$F$300,"Yes") -> 9 | E29: =COUNTIFS(Candidate_Data!$B$2:$B$300,$A29,Candidate_Data!$G$2:$G$300,"Yes") -> 2 | F29: =COUNTIFS(Candidate_Data!$B$2:$B$300,$A29,Candidate_Data!$H$2:$H$300,"Yes") -> 2 | G29: =IF(B29=0,0,F29/B29) -> 0.13333333 | H29: =IFERROR(AVERAGEIFS(Candidate_Data!$J$2:$J$300,Candidate_Data!$B$2:$B$300,$A29),"") -> 21.5
A30: Customer Support Executive | B30: =COUNTIF(Candidate_Data!$B$2:$B$300,$A30) -> 32 | C30: =COUNTIFS(Candidate_Data!$B$2:$B$300,$A30,Candidate_Data!$E$2:$E$300,"Yes") -> 17 | D30: =COUNTIFS(Candidate_Data!$B$2:$B$300,$A30,Candidate_Data!$F$2:$F$300,"Yes") -> 11 | E30: =COUNTIFS(Candidate_Data!$B$2:$B$300,$A30,Candidate_Data!$G$2:$G$300,"Yes") -> 6 | F30: =COUNTIFS(Candidate_Data!$B$2:$B$300,$A30,Candidate_Data!$H$2:$H$300,"Yes") -> 5 | G30: =IF(B30=0,0,F30/B30) -> 0.15625 | H30: =IFERROR(AVERAGEIFS(Candidate_Data!$J$2:$J$300,Candidate_Data!$B$2:$B$300,$A30),"") -> 25
A31: Digital Marketing Executive | B31: =COUNTIF(Candidate_Data!$B$2:$B$300,$A31) -> 21 | C31: =COUNTIFS(Candidate_Data!$B$2:$B$300,$A31,Candidate_Data!$E$2:$E$300,"Yes") -> 13 | D31: =COUNTIFS(Candidate_Data!$B$2:$B$300,$A31,Candidate_Data!$F$2:$F$300,"Yes") -> 6 | E31: =COUNTIFS(Candidate_Data!$B$2:$B$300,$A31,Candidate_Data!$G$2:$G$300,"Yes") -> 1 | F31: =COUNTIFS(Candidate_Data!$B$2:$B$300,$A31,Candidate_Data!$H$2:$H$300,"Yes") -> 1 | G31: =IF(B31=0,0,F31/B31) -> 0.047619048 | H31: =IFERROR(AVERAGEIFS(Candidate_Data!$J$2:$J$300,Candidate_Data!$B$2:$B$300,$A31),"") -> 24
A32: Total | B32: =SUM(B28:B31) -> 100 | C32: =SUM(C28:C31) -> 62 | D32: =SUM(D28:D31) -> 44 | E32: =SUM(E28:E31) -> 20 | F32: =SUM(F28:F31) -> 16 | G32: =IF(B32=0,0,F32/B32) -> 0.16 | H32: =IFERROR(AVERAGE(Candidate_Data!$J$2:$J$300),"") -> 27.375
A34: 4. Key Insights (update automatically)
A35: ="Best-converting source: "&INDEX($A$19:$A$23,MATCH(MAX($G$19:$G$23),$G$19:$G$23,0))&" - "&TEXT(MAX($G$19:$G$23),"0%")&" of its applicants joined." -> Best-converting source: Employee Referral - 43% of its applicants joined.
A36: ="Highest-volume source: "&INDEX($A$19:$A$23,MATCH(MAX($B$19:$B$23),$B$19:$B$23,0))&" with "&MAX($B$19:$B$23)&" applicants, but only "&TEXT(INDEX($G$19:$G$23,MATCH(MAX($B$19:$B$23),$B$19:$B$23,0)),"0%")&" joined." -> Highest-volume source: LinkedIn with 32 applicants, but only 13% joined.
A37: ="Fastest source to hire: "&INDEX($A$19:$A$23,MATCH(MIN($H$19:$H$23),$H$19:$H$23,0))&" at "&TEXT(MIN($H$19:$H$23),"0.0")&" days on average vs "&TEXT($H$24,"0.0")&" overall." -> Fastest source to hire: Employee Referral at 17.2 days on average vs 27.4 overall.
A38: ="Biggest funnel drop-off: at the "&INDEX($A$12:$A$15,MATCH(MAX($D$12:$D$15),$D$12:$D$15,0))&" stage ("&TEXT(MAX($D$12:$D$15),"0%")&" of candidates lost from the previous stage)." -> Biggest funnel drop-off: at the Offer Made stage (55% of candidates lost from the previous stage).
A39: ="Offer acceptance rate is "&TEXT($F$5,"0%")&" - "&($B$14-$B$15)&" offers did not convert into joinings." -> Offer acceptance rate is 80% - 4 offers did not convert into joinings.
A41: Recommendation: put more recruiter effort into the best-converting channel and fix the stage with the biggest drop-off (edit this line after reviewing your own data).

Sheet Candidate_Data
A1: Candidate ID | B1: Role | C1: Source | D1: Application Date | E1: Shortlisted | F1: Interviewed | G1: Offer Made | H1: Joined | I1: Joining Date | J1: Days to Hire | K1: Final Status
A2: CAND-001 | B2: Digital Marketing Executive | C2: LinkedIn | D2: 46176 | E2: Yes | F2: No | G2: No | H2: No | J2: =IF(A2="","",IF(AND(H2="Yes",I2<>""),I2-D2,"")) | K2: =IF(A2="","",IF(H2="Yes","Joined",IF(G2="Yes","Offer Declined",IF(F2="Yes","Rejected after Interview",IF(E2="Yes","Not Selected for Interview","Rejected at Screening"))))) -> Not Selected for Interview
A3: CAND-002 | B3: Customer Support Executive | C3: Naukri | D3: 46177 | E3: Yes | F3: No | G3: No | H3: No | J3: =IF(A3="","",IF(AND(H3="Yes",I3<>""),I3-D3,"")) | K3: =IF(A3="","",IF(H3="Yes","Joined",IF(G3="Yes","Offer Declined",IF(F3="Yes","Rejected after Interview",IF(E3="Yes","Not Selected for Interview","Rejected at Screening"))))) -> Not Selected for Interview
A4: CAND-003 | B4: Customer Support Executive | C4: Naukri | D4: 46177 | E4: No | F4: No | G4: No | H4: No | J4: =IF(A4="","",IF(AND(H4="Yes",I4<>""),I4-D4,"")) | K4: =IF(A4="","",IF(H4="Yes","Joined",IF(G4="Yes","Offer Declined",IF(F4="Yes","Rejected after Interview",IF(E4="Yes","Not Selected for Interview","Rejected at Screening"))))) -> Rejected at Screening
A5: CAND-004 | B5: HR Executive | C5: LinkedIn | D5: 46180 | E5: No | F5: No | G5: No | H5: No | J5: =IF(A5="","",IF(AND(H5="Yes",I5<>""),I5-D5,"")) | K5: =IF(A5="","",IF(H5="Yes","Joined",IF(G5="Yes","Offer Declined",IF(F5="Yes","Rejected after Interview",IF(E5="Yes","Not Selected for Interview","Rejected at Screening"))))) -> Rejected at Screening
A6: CAND-005 | B6: Digital Marketing Executive | C6: Campus | D6: 46180 | E6: Yes | F6: No | G6: No | H6: No | J6: =IF(A6="","",IF(AND(H6="Yes",I6<>""),I6-D6,"")) | K6: =IF(A6="","",IF(H6="Yes","Joined",IF(G6="Yes","Offer Declined",IF(F6="Yes","Rejected after Interview",IF(E6="Yes","Not Selected for Interview","Rejected at Screening"))))) -> Not Selected for Interview
A7: CAND-006 | B7: Sales Executive | C7: LinkedIn | D7: 46181 | E7: Yes | F7: Yes | G7: Yes | H7: Yes | I7: 46217 | J7: =IF(A7="","",IF(AND(H7="Yes",I7<>""),I7-D7,"")) -> 36 | K7: =IF(A7="","",IF(H7="Yes","Joined",IF(G7="Yes","Offer Declined",IF(F7="Yes","Rejected after Interview",IF(E7="Yes","Not Selected for Interview","Rejected at Screening"))))) -> Joined
A8: CAND-007 | B8: Digital Marketing Executive | C8: LinkedIn | D8: 46182 | E8: Yes | F8: Yes | G8: No | H8: No | J8: =IF(A8="","",IF(AND(H8="Yes",I8<>""),I8-D8,"")) | K8: =IF(A8="","",IF(H8="Yes","Joined",IF(G8="Yes","Offer Declined",IF(F8="Yes","Rejected after Interview",IF(E8="Yes","Not Selected for Interview","Rejected at Screening"))))) -> Rejected after Interview
A9: CAND-008 | B9: Digital Marketing Executive | C9: LinkedIn | D9: 46183 | E9: Yes | F9: Yes | G9: No | H9: No | J9: =IF(A9="","",IF(AND(H9="Yes",I9<>""),I9-D9,"")) | K9: =IF(A9="","",IF(H9="Yes","Joined",IF(G9="Yes","Offer Declined",IF(F9="Yes","Rejected after Interview",IF(E9="Yes","Not Selected for Interview","Rejected at Screening"))))) -> Rejected after Interview
A10: CAND-009 | B10: Customer Support Executive | C10: Naukri | D10: 46184 | E10: No | F10: No | G10: No | H10: No | J10: =IF(A10="","",IF(AND(H10="Yes",I10<>""),I10-D10,"")) | K10: =IF(A10="","",IF(H10="Yes","Joined",IF(G10="Yes","Offer Declined",IF(F10="Yes","Rejected after Interview",IF(E10="Yes","Not Selected for Interview","Rejected at Screening"))))) -> Rejected at Screening
A11: CAND-010 | B11: Digital Marketing Executive | C11: Naukri | D11: 46185 | E11: Yes | F11: No | G11: No | H11: No | J11: =IF(A11="","",IF(AND(H11="Yes",I11<>""),I11-D11,"")) | K11: =IF(A11="","",IF(H11="Yes","Joined",IF(G11="Yes","Offer Declined",IF(F11="Yes","Rejected after Interview",IF(E11="Yes","Not Selected for Interview","Rejected at Screening"))))) -> Not Selected for Interview
A12: CAND-011 | B12: Customer Support Executive | C12: Naukri | D12: 46185 | E12: Yes | F12: No | G12: No | H12: No | J12: =IF(A12="","",IF(AND(H12="Yes",I12<>""),I12-D12,"")) | K12: =IF(A12="","",IF(H12="Yes","Joined",IF(G12="Yes","Offer Declined",IF(F12="Yes","Rejected after Interview",IF(E12="Yes","Not Selected for Interview","Rejected at Screening"))))) -> Not Selected for Interview
A13: CAND-012 | B13: HR Executive | C13: Employee Referral | D13: 46186 | E13: Yes | F13: Yes | G13: No | H13: No | J13: =IF(A13="","",IF(AND(H13="Yes",I13<>""),I13-D13,"")) | K13: =IF(A13="","",IF(H13="Yes","Joined",IF(G13="Yes","Offer Declined",IF(F13="Yes","Rejected after Interview",IF(E13="Yes","Not Selected for Interview","Rejected at Screening"))))) -> Rejected after Interview
A14: CAND-013 | B14: Sales Executive | C14: Naukri | D14: 46186 | E14: Yes | F14: Yes | G14: Yes | H14: Yes | I14: 46223 | J14: =IF(A14="","",IF(AND(H14="Yes",I14<>""),I14-D14,"")) -> 37 | K14: =IF(A14="","",IF(H14="Yes","Joined",IF(G14="Yes","Offer Declined",IF(F14="Yes","Rejected after Interview",IF(E14="Yes","Not Selected for Interview","Rejected at Screening"))))) -> Joined
A15: CAND-014 | B15: Customer Support Executive | C15: Campus | D15: 46187 | E15: No | F15: No | G15: No | H15: No | J15: =IF(A15="","",IF(AND(H15="Yes",I15<>""),I15-D15,"")) | K15: =IF(A15="","",IF(H15="Yes","Joined",IF(G15="Yes","Offer Declined",IF(F15="Yes","Rejected after Interview",IF(E15="Yes","Not Selected for Interview","Rejected at Screening"))))) -> Rejected at Screening
A16: CAND-015 | B16: Digital Marketing Executive | C16: Indeed | D16: 46187 | E16: Yes | F16: Yes | G16: No | H16: No | J16: =IF(A16="","",IF(AND(H16="Yes",I16<>""),I16-D16,"")) | K16: =IF(A16="","",IF(H16="Yes","Joined",IF(G16="Yes","Offer Declined",IF(F16="Yes","Rejected after Interview",IF(E16="Yes","Not Selected for Interview","Rejected at Screening"))))) -> Rejected after Interview
A17: CAND-016 | B17: Digital Marketing Executive | C17: Campus | D17: 46188 | E17: Yes | F17: No | G17: No | H17: No | J17: =IF(A17="","",IF(AND(H17="Yes",I17<>""),I17-D17,"")) | K17: =IF(A17="","",IF(H17="Yes","Joined",IF(G17="Yes","Offer Declined",IF(F17="Yes","Rejected after Interview",IF(E17="Yes","Not Selected for Interview","Rejected at Screening"))))) -> Not Selected for Interview
A18: CAND-017 | B18: Customer Support Executive | C18: Indeed | D18: 46189 | E18: No | F18: No | G18: No | H18: No | J18: =IF(A18="","",IF(AND(H18="Yes",I18<>""),I18-D18,"")) | K18: =IF(A18="","",IF(H18="Yes","Joined",IF(G18="Yes","Offer Declined",IF(F18="Yes","Rejected after Interview",IF(E18="Yes","Not Selected for Interview","Rejected at Screening"))))) -> Rejected at Screening
A19: CAND-018 | B19: Customer Support Executive | C19: Employee Referral | D19: 46189 | E19: Yes | F19: Yes | G19: Yes | H19: Yes | I19: 46203 | J19: =IF(A19="","",IF(AND(H19="Yes",I19<>""),I19-D19,"")) -> 14 | K19: =IF(A19="","",IF(H19="Yes","Joined",IF(G19="Yes","Offer Declined",IF(F19="Yes","Rejected after Interview",IF(E19="Yes","Not Selected for Interview","Rejected at Screening"))))) -> Joined
A20: CAND-019 | B20: Customer Support Executive | C20: LinkedIn | D20: 46189 | E20: Yes | F20: No | G20: No | H20: No | J20: =IF(A20="","",IF(AND(H20="Yes",I20<>""),I20-D20,"")) | K20: =IF(A20="","",IF(H20="Yes","Joined",IF(G20="Yes","Offer Declined",IF(F20="Yes","Rejected after Interview",IF(E20="Yes","Not Selected for Interview","Rejected at Screening"))))) -> Not Selected for Interview
A21: CAND-020 | B21: Customer Support Executive | C21: LinkedIn | D21: 46190 | E21: No | F21: No | G21: No | H21: No | J21: =IF(A21="","",IF(AND(H21="Yes",I21<>""),I21-D21,"")) | K21: =IF(A21="","",IF(H21="Yes","Joined",IF(G21="Yes","Offer Declined",IF(F21="Yes","Rejected after Interview",IF(E21="Yes","Not Selected for Interview","Rejected at Screening"))))) -> Rejected at Screening
A22: CAND-021 | B22: Sales Executive | C22: Indeed | D22: 46190 | E22: No | F22: No | G22: No | H22: No | J22: =IF(A22="","",IF(AND(H22="Yes",I22<>""),I22-D22,"")) | K22: =IF(A22="","",IF(H22="Yes","Joined",IF(G22="Yes","Offer Declined",IF(F22="Yes","Rejected after Interview",IF(E22="Yes","Not Selected for Interview","Rejected at Screening"))))) -> Rejected at Screening
A23: CAND-022 | B23: Sales Executive | C23: LinkedIn | D23: 46191 | E23: Yes | F23: Yes | G23: No | H23: No | J23: =IF(A23="","",IF(AND(H23="Yes",I23<>""),I23-D23,"")) | K23: =IF(A23="","",IF(H23="Yes","Joined",IF(G23="Yes","Offer Declined",IF(F23="Yes","Rejected after Interview",IF(E23="Yes","Not Selected for Interview","Rejected at Screening"))))) -> Rejected after Interview
A24: CAND-023 | B24: Sales Executive | C24: Indeed | D24: 46193 | E24: No | F24: No | G24: No | H24: No | J24: =IF(A24="","",IF(AND(H24="Yes",I24<>""),I24-D24,"")) | K24: =IF(A24="","",IF(H24="Yes","Joined",IF(G24="Yes","Offer Declined",IF(F24="Yes","Rejected after Interview",IF(E24="Yes","Not Selected for Interview","Rejected at Screening"))))) -> Rejected at Screening
A25: CAND-024 | B25: Sales Executive | C25: Campus | D25: 46194 | E25: Yes | F25: Yes | G25: Yes | H25: Yes | I25: 46221 | J25: =IF(A25="","",IF(AND(H25="Yes",I25<>""),I25-D25,"")) -> 27 | K25: =IF(A25="","",IF(H25="Yes","Joined",IF(G25="Yes","Offer Declined",IF(F25="Yes","Rejected after Interview",IF(E25="Yes","Not Selected for Interview","Rejected at Screening"))))) -> Joined
A26: CAND-025 | B26: HR Executive | C26: Employee Referral | D26: 46197 | E26: Yes | F26: Yes | G26: No | H26: No | J26: =IF(A26="","",IF(AND(H26="Yes",I26<>""),I26-D26,"")) | K26: =IF(A26="","",IF(H26="Yes","Joined",IF(G26="Yes","Offer Declined",IF(F26="Yes","Rejected after Interview",IF(E26="Yes","Not Selected for Interview","Rejected at Screening"))))) -> Rejected after Interview
A27: CAND-026 | B27: Sales Executive | C27: LinkedIn | D27: 46197 | E27: Yes | F27: Yes | G27: Yes | H27: No | J27: =IF(A27="","",IF(AND(H27="Yes",I27<>""),I27-D27,"")) | K27: =IF(A27="","",IF(H27="Yes","Joined",IF(G27="Yes","Offer Declined",IF(F27="Yes","Rejected after Interview",IF(E27="Yes","Not Selected for Interview","Rejected at Screening"))))) -> Offer Declined
A28: CAND-027 | B28: Customer Support Executive | C28: Indeed | D28: 46197 | E28: Yes | F28: Yes | G28: No | H28: No | J28: =IF(A28="","",IF(AND(H28="Yes",I28<>""),I28-D28,"")) | K28: =IF(A28="","",IF(H28="Yes","Joined",IF(G28="Yes","Offer Declined",IF(F28="Yes","Rejected after Interview",IF(E28="Yes","Not Selected for Interview","Rejected at Screening"))))) -> Rejected after Interview
A29: CAND-028 | B29: HR Executive | C29: LinkedIn | D29: 46198 | E29: No | F29: No | G29: No | H29: No | J29: =IF(A29="","",IF(AND(H29="Yes",I29<>""),I29-D29,"")) | K29: =IF(A29="","",IF(H29="Yes","Joined",IF(G29="Yes","Offer Declined",IF(F29="Yes","Rejected after Interview",IF(E29="Yes","Not Selected for Interview","Rejected at Screening"))))) -> Rejected at Screening
A30: CAND-029 | B30: Digital Marketing Executive | C30: Indeed | D30: 46198 | E30: No | F30: No | G30: No | H30: No | J30: =IF(A30="","",IF(AND(H30="Yes",I30<>""),I30-D30,"")) | K30: =IF(A30="","",IF(H30="Yes","Joined",IF(G30="Yes","Offer Declined",IF(F30="Yes","Rejected after Interview",IF(E30="Yes","Not Selected for Interview","Rejected at Screening"))))) -> Rejected at Screening
A31: CAND-030 | B31: Digital Marketing Executive | C31: Naukri | D31: 46198 | E31: No | F31: No | G31: No | H31: No | J31: =IF(A31="","",IF(AND(H31="Yes",I31<>""),I31-D31,"")) | K31: =IF(A31="","",IF(H31="Yes","Joined",IF(G31="Yes","Offer Declined",IF(F31="Yes","Rejected after Interview",IF(E31="Yes","Not Selected for Interview","Rejected at Screening"))))) -> Rejected at Screening
A32: CAND-031 | B32: Digital Marketing Executive | C32: Employee Referral | D32: 46199 | E32: No | F32: No | G32: No | H32: No | J32: =IF(A32="","",IF(AND(H32="Yes",I32<>""),I32-D32,"")) | K32: =IF(A32="","",IF(H32="Yes","Joined",IF(G32="Yes","Offer Declined",IF(F32="Yes","Rejected after Interview",IF(E32="Yes","Not Selected for Interview","Rejected at Screening"))))) -> Rejected at Screening
A33: CAND-032 | B33: HR Executive | C33: Naukri | D33: 46200 | E33: Yes | F33: Yes | G33: Yes | H33: Yes | I33: 46227 | J33: =IF(A33="","",IF(AND(H33="Yes",I33<>""),I33-D33,"")) -> 27 | K33: =IF(A33="","",IF(H33="Yes","Joined",IF(G33="Yes","Offer Declined",IF(F33="Yes","Rejected after Interview",IF(E33="Yes","Not Selected for Interview","Rejected at Screening"))))) -> Joined
A34: CAND-033 | B34: Sales Executive | C34: LinkedIn | D34: 46201 | E34: Yes | F34: Yes | G34: No | H34: No | J34: =IF(A34="","",IF(AND(H34="Yes",I34<>""),I34-D34,"")) | K34: =IF(A34="","",IF(H34="Yes","Joined",IF(G34="Yes","Offer Declined",IF(F34="Yes","Rejected after Interview",IF(E34="Yes","Not Selected for Interview","Rejected at Screening"))))) -> Rejected after Interview
A35: CAND-034 | B35: Sales Executive | C35: Employee Referral | D35: 46202 | E35: Yes | F35: No | G35: No | H35: No | J35: =IF(A35="","",IF(AND(H35="Yes",I35<>""),I35-D35,"")) | K35: =IF(A35="","",IF(H35="Yes","Joined",IF(G35="Yes","Offer Declined",IF(F35="Yes","Rejected after Interview",IF(E35="Yes","Not Selected for Interview","Rejected at Screening"))))) -> Not Selected for Interview
A36: CAND-035 | B36: Sales Executive | C36: Naukri | D36: 46203 | E36: No | F36: No | G36: No | H36: No | J36: =IF(A36="","",IF(AND(H36="Yes",I36<>""),I36-D36,"")) | K36: =IF(A36="","",IF(H36="Yes","Joined",IF(G36="Yes","Offer Declined",IF(F36="Yes","Rejected after Interview",IF(E36="Yes","Not Selected for Interview","Rejected at Screening"))))) -> Rejected at Screening
A37: CAND-036 | B37: Sales Executive | C37: LinkedIn | D37: 46203 | E37: Yes | F37: Yes | G37: Yes | H37: No | J37: =IF(A37="","",IF(AND(H37="Yes",I37<>""),I37-D37,"")) | K37: =IF(A37="","",IF(H37="Yes","Joined",IF(G37="Yes","Offer Declined",IF(F37="Yes","Rejected after Interview",IF(E37="Yes","Not Selected for Interview","Rejected at Screening"))))) -> Offer Declined
A38: CAND-037 | B38: Sales Executive | C38: Campus | D38: 46203 | E38: Yes | F38: Yes | G38: No | H38: No | J38: =IF(A38="","",IF(AND(H38="Yes",I38<>""),I38-D38,"")) | K38: =IF(A38="","",IF(H38="Yes","Joined",IF(G38="Yes","Offer Declined",IF(F38="Yes","Rejected after Interview",IF(E38="Yes","Not Selected for Interview","Rejected at Screening"))))) -> Rejected after Interview
A39: CAND-038 | B39: Digital Marketing Executive | C39: Employee Referral | D39: 46203 | E39: Yes | F39: No | G39: No | H39: No | J39: =IF(A39="","",IF(AND(H39="Yes",I39<>""),I39-D39,"")) | K39: =IF(A39="","",IF(H39="Yes","Joined",IF(G39="Yes","Offer Declined",IF(F39="Yes","Rejected after Interview",IF(E39="Yes","Not Selected for Interview","Rejected at Screening"))))) -> Not Selected for Interview
A40: CAND-039 | B40: HR Executive | C40: Employee Referral | D40: 46204 | E40: Yes | F40: Yes | G40: Yes | H40: Yes | I40: 46220 | J40: =IF(A40="","",IF(AND(H40="Yes",I40<>""),I40-D40,"")) -> 16 | K40: =IF(A40="","",IF(H40="Yes","Joined",IF(G40="Yes","Offer Declined",IF(F40="Yes","Rejected after Interview",IF(E40="Yes","Not Selected for Interview","Rejected at Screening"))))) -> Joined
A41: CAND-040 | B41: Sales Executive | C41: Campus | D41: 46206 | E41: Yes | F41: Yes | G41: No | H41: No | J41: =IF(A41="","",IF(AND(H41="Yes",I41<>""),I41-D41,"")) | K41: =IF(A41="","",IF(H41="Yes","Joined",IF(G41="Yes","Offer Declined",IF(F41="Yes","Rejected after Interview",IF(E41="Yes","Not Selected for Interview","Rejected at Screening"))))) -> Rejected after Interview
A42: CAND-041 | B42: Digital Marketing Executive | C42: Indeed | D42: 46207 | E42: Yes | F42: Yes | G42: No | H42: No | J42: =IF(A42="","",IF(AND(H42="Yes",I42<>""),I42-D42,"")) | K42: =IF(A42="","",IF(H42="Yes","Joined",IF(G42="Yes","Offer Declined",IF(F42="Yes","Rejected after Interview",IF(E42="Yes","Not Selected for Interview","Rejected at Screening"))))) -> Rejected after Interview
A43: CAND-042 | B43: HR Executive | C43: Naukri | D43: 46207 | E43: Yes | F43: Yes | G43: No | H43: No | J43: =IF(A43="","",IF(AND(H43="Yes",I43<>""),I43-D43,"")) | K43: =IF(A43="","",IF(H43="Yes","Joined",IF(G43="Yes","Offer Declined",IF(F43="Yes","Rejected after Interview",IF(E43="Yes","Not Selected for Interview","Rejected at Screening"))))) -> Rejected after Interview
A44: CAND-043 | B44: Customer Support Executive | C44: Campus | D44: 46208 | E44: No | F44: No | G44: No | H44: No | J44: =IF(A44="","",IF(AND(H44="Yes",I44<>""),I44-D44,"")) | K44: =IF(A44="","",IF(H44="Yes","Joined",IF(G44="Yes","Offer Declined",IF(F44="Yes","Rejected after Interview",IF(E44="Yes","Not Selected for Interview","Rejected at Screening"))))) -> Rejected at Screening
A45: CAND-044 | B45: Customer Support Executive | C45: Employee Referral | D45: 46208 | E45: Yes | F45: Yes | G45: Yes | H45: Yes | I45: 46235 | J45: =IF(A45="","",IF(AND(H45="Yes",I45<>""),I45-D45,"")) -> 27 | K45: =IF(A45="","",IF(H45="Yes","Joined",IF(G45="Yes","Offer Declined",IF(F45="Yes","Rejected after Interview",IF(E45="Yes","Not Selected for Interview","Rejected at Screening"))))) -> Joined
A46: CAND-045 | B46: HR Executive | C46: Campus | D46: 46211 | E46: No | F46: No | G46: No | H46: No | J46: =IF(A46="","",IF(AND(H46="Yes",I46<>""),I46-D46,"")) | K46: =IF(A46="","",IF(H46="Yes","Joined",IF(G46="Yes","Offer Declined",IF(F46="Yes","Rejected after Interview",IF(E46="Yes","Not Selected for Interview","Rejected at Screening"))))) -> Rejected at Screening
A47: CAND-046 | B47: Customer Support Executive | C47: LinkedIn | D47: 46213 | E47: Yes | F47: No | G47: No | H47: No | J47: =IF(A47="","",IF(AND(H47="Yes",I47<>""),I47-D47,"")) | K47: =IF(A47="","",IF(H47="Yes","Joined",IF(G47="Yes","Offer Declined",IF(F47="Yes","Rejected after Interview",IF(E47="Yes","Not Selected for Interview","Rejected at Screening"))))) -> Not Selected for Interview
A48: CAND-047 | B48: Sales Executive | C48: Employee Referral | D48: 46214 | E48: Yes | F48: Yes | G48: Yes | H48: Yes | I48: 46229 | J48: =IF(A48="","",IF(AND(H48="Yes",I48<>""),I48-D48,"")) -> 15 | K48: =IF(A48="","",IF(H48="Yes","Joined",IF(G48="Yes","Offer Declined",IF(F48="Yes","Rejected after Interview",IF(E48="Yes","Not Selected for Interview","Rejected at Screening"))))) -> Joined
A49: CAND-048 | B49: Digital Marketing Executive | C49: LinkedIn | D49: 46214 | E49: Yes | F49: No | G49: No | H49: No | J49: =IF(A49="","",IF(AND(H49="Yes",I49<>""),I49-D49,"")) | K49: =IF(A49="","",IF(H49="Yes","Joined",IF(G49="Yes","Offer Declined",IF(F49="Yes","Rejected after Interview",IF(E49="Yes","Not Selected for Interview","Rejected at Screening"))))) -> Not Selected for Interview
A50: CAND-049 | B50: Sales Executive | C50: LinkedIn | D50: 46214 | E50: No | F50: No | G50: No | H50: No | J50: =IF(A50="","",IF(AND(H50="Yes",I50<>""),I50-D50,"")) | K50: =IF(A50="","",IF(H50="Yes","Joined",IF(G50="Yes","Offer Declined",IF(F50="Yes","Rejected after Interview",IF(E50="Yes","Not Selected for Interview","Rejected at Screening"))))) -> Rejected at Screening
A51: CAND-050 | B51: Customer Support Executive | C51: LinkedIn | D51: 46217 | E51: Yes | F51: Yes | G51: No | H51: No | J51: =IF(A51="","",IF(AND(H51="Yes",I51<>""),I51-D51,"")) | K51: =IF(A51="","",IF(H51="Yes","Joined",IF(G51="Yes","Offer Declined",IF(F51="Yes","Rejected after Interview",IF(E51="Yes","Not Selected for Interview","Rejected at Screening"))))) -> Rejected after Interview
A52: CAND-051 | B52: HR Executive | C52: Naukri | D52: 46218 | E52: Yes | F52: Yes | G52: No | H52: No | J52: =IF(A52="","",IF(AND(H52="Yes",I52<>""),I52-D52,"")) | K52: =IF(A52="","",IF(H52="Yes","Joined",IF(G52="Yes","Offer Declined",IF(F52="Yes","Rejected after Interview",IF(E52="Yes","Not Selected for Interview","Rejected at Screening"))))) -> Rejected after Interview
A53: CAND-052 | B53: Digital Marketing Executive | C53: Naukri | D53: 46218 | E53: No | F53: No | G53: No | H53: No | J53: =IF(A53="","",IF(AND(H53="Yes",I53<>""),I53-D53,"")) | K53: =IF(A53="","",IF(H53="Yes","Joined",IF(G53="Yes","Offer Declined",IF(F53="Yes","Rejected after Interview",IF(E53="Yes","Not Selected for Interview","Rejected at Screening"))))) -> Rejected at Screening
A54: CAND-053 | B54: Customer Support Executive | C54: Naukri | D54: 46218 | E54: Yes | F54: Yes | G54: No | H54: No | J54: =IF(A54="","",IF(AND(H54="Yes",I54<>""),I54-D54,"")) | K54: =IF(A54="","",IF(H54="Yes","Joined",IF(G54="Yes","Offer Declined",IF(F54="Yes","Rejected after Interview",IF(E54="Yes","Not Selected for Interview","Rejected at Screening"))))) -> Rejected after Interview
A55: CAND-054 | B55: Customer Support Executive | C55: Employee Referral | D55: 46223 | E55: Yes | F55: Yes | G55: Yes | H55: Yes | I55: 46238 | J55: =IF(A55="","",IF(AND(H55="Yes",I55<>""),I55-D55,"")) -> 15 | K55: =IF(A55="","",IF(H55="Yes","Joined",IF(G55="Yes","Offer Declined",IF(F55="Yes","Rejected after Interview",IF(E55="Yes","Not Selected for Interview","Rejected at Screening"))))) -> Joined
A56: CAND-055 | B56: Customer Support Executive | C56: Naukri | D56: 46223 | E56: No | F56: No | G56: No | H56: No | J56: =IF(A56="","",IF(AND(H56="Yes",I56<>""),I56-D56,"")) | K56: =IF(A56="","",IF(H56="Yes","Joined",IF(G56="Yes","Offer Declined",IF(F56="Yes","Rejected after Interview",IF(E56="Yes","Not Selected for Interview","Rejected at Screening"))))) -> Rejected at Screening
A57: CAND-056 | B57: HR Executive | C57: Naukri | D57: 46224 | E57: No | F57: No | G57: No | H57: No | J57: =IF(A57="","",IF(AND(H57="Yes",I57<>""),I57-D57,"")) | K57: =IF(A57="","",IF(H57="Yes","Joined",IF(G57="Yes","Offer Declined",IF(F57="Yes","Rejected after Interview",IF(E57="Yes","Not Selected for Interview","Rejected at Screening"))))) -> Rejected at Screening
A58: CAND-057 | B58: Sales Executive | C58: LinkedIn | D58: 46227 | E58: Yes | F58: Yes | G58: No | H58: No | J58: =IF(A58="","",IF(AND(H58="Yes",I58<>""),I58-D58,"")) | K58: =IF(A58="","",IF(H58="Yes","Joined",IF(G58="Yes","Offer Declined",IF(F58="Yes","Rejected after Interview",IF(E58="Yes","Not Selected for Interview","Rejected at Screening"))))) -> Rejected after Interview
A59: CAND-058 | B59: Sales Executive | C59: Campus | D59: 46229 | E59: Yes | F59: Yes | G59: No | H59: No | J59: =IF(A59="","",IF(AND(H59="Yes",I59<>""),I59-D59,"")) | K59: =IF(A59="","",IF(H59="Yes","Joined",IF(G59="Yes","Offer Declined",IF(F59="Yes","Rejected after Interview",IF(E59="Yes","Not Selected for Interview","Rejected at Screening"))))) -> Rejected after Interview
A60: CAND-059 | B60: Digital Marketing Executive | C60: LinkedIn | D60: 46229 | E60: Yes | F60: Yes | G60: No | H60: No | J60: =IF(A60="","",IF(AND(H60="Yes",I60<>""),I60-D60,"")) | K60: =IF(A60="","",IF(H60="Yes","Joined",IF(G60="Yes","Offer Declined",IF(F60="Yes","Rejected after Interview",IF(E60="Yes","Not Selected for Interview","Rejected at Screening"))))) -> Rejected after Interview
A61: CAND-060 | B61: Sales Executive | C61: LinkedIn | D61: 46230 | E61: No | F61: No | G61: No | H61: No | J61: =IF(A61="","",IF(AND(H61="Yes",I61<>""),I61-D61,"")) | K61: =IF(A61="","",IF(H61="Yes","Joined",IF(G61="Yes","Offer Declined",IF(F61="Yes","Rejected after Interview",IF(E61="Yes","Not Selected for Interview","Rejected at Screening"))))) -> Rejected at Screening
A62: CAND-061 | B62: Digital Marketing Executive | C62: Indeed | D62: 46231 | E62: Yes | F62: Yes | G62: Yes | H62: Yes | I62: 46255 | J62: =IF(A62="","",IF(AND(H62="Yes",I62<>""),I62-D62,"")) -> 24 | K62: =IF(A62="","",IF(H62="Yes","Joined",IF(G62="Yes","Offer Declined",IF(F62="Yes","Rejected after Interview",IF(E62="Yes","Not Selected for Interview","Rejected at Screening"))))) -> Joined
A63: CAND-062 | B63: Sales Executive | C63: LinkedIn | D63: 46231 | E63: No | F63: No | G63: No | H63: No | J63: =IF(A63="","",IF(AND(H63="Yes",I63<>""),I63-D63,"")) | K63: =IF(A63="","",IF(H63="Yes","Joined",IF(G63="Yes","Offer Declined",IF(F63="Yes","Rejected after Interview",IF(E63="Yes","Not Selected for Interview","Rejected at Screening"))))) -> Rejected at Screening
A64: CAND-063 | B64: Customer Support Executive | C64: Indeed | D64: 46232 | E64: No | F64: No | G64: No | H64: No | J64: =IF(A64="","",IF(AND(H64="Yes",I64<>""),I64-D64,"")) | K64: =IF(A64="","",IF(H64="Yes","Joined",IF(G64="Yes","Offer Declined",IF(F64="Yes","Rejected after Interview",IF(E64="Yes","Not Selected for Interview","Rejected at Screening"))))) -> Rejected at Screening
A65: CAND-064 | B65: HR Executive | C65: Naukri | D65: 46233 | E65: Yes | F65: Yes | G65: No | H65: No | J65: =IF(A65="","",IF(AND(H65="Yes",I65<>""),I65-D65,"")) | K65: =IF(A65="","",IF(H65="Yes","Joined",IF(G65="Yes","Offer Declined",IF(F65="Yes","Rejected after Interview",IF(E65="Yes","Not Selected for Interview","Rejected at Screening"))))) -> Rejected after Interview
A66: CAND-065 | B66: Customer Support Executive | C66: LinkedIn | D66: 46233 | E66: No | F66: No | G66: No | H66: No | J66: =IF(A66="","",IF(AND(H66="Yes",I66<>""),I66-D66,"")) | K66: =IF(A66="","",IF(H66="Yes","Joined",IF(G66="Yes","Offer Declined",IF(F66="Yes","Rejected after Interview",IF(E66="Yes","Not Selected for Interview","Rejected at Screening"))))) -> Rejected at Screening
A67: CAND-066 | B67: Customer Support Executive | C67: LinkedIn | D67: 46234 | E67: No | F67: No | G67: No | H67: No | J67: =IF(A67="","",IF(AND(H67="Yes",I67<>""),I67-D67,"")) | K67: =IF(A67="","",IF(H67="Yes","Joined",IF(G67="Yes","Offer Declined",IF(F67="Yes","Rejected after Interview",IF(E67="Yes","Not Selected for Interview","Rejected at Screening"))))) -> Rejected at Screening
A68: CAND-067 | B68: Customer Support Executive | C68: Indeed | D68: 46234 | E68: No | F68: No | G68: No | H68: No | J68: =IF(A68="","",IF(AND(H68="Yes",I68<>""),I68-D68,"")) | K68: =IF(A68="","",IF(H68="Yes","Joined",IF(G68="Yes","Offer Declined",IF(F68="Yes","Rejected after Interview",IF(E68="Yes","Not Selected for Interview","Rejected at Screening"))))) -> Rejected at Screening
A69: CAND-068 | B69: Digital Marketing Executive | C69: Naukri | D69: 46235 | E69: No | F69: No | G69: No | H69: No | J69: =IF(A69="","",IF(AND(H69="Yes",I69<>""),I69-D69,"")) | K69: =IF(A69="","",IF(H69="Yes","Joined",IF(G69="Yes","Offer Declined",IF(F69="Yes","Rejected after Interview",IF(E69="Yes","Not Selected for Interview","Rejected at Screening"))))) -> Rejected at Screening
A70: CAND-069 | B70: Customer Support Executive | C70: Indeed | D70: 46235 | E70: Yes | F70: Yes | G70: No | H70: No | J70: =IF(A70="","",IF(AND(H70="Yes",I70<>""),I70-D70,"")) | K70: =IF(A70="","",IF(H70="Yes","Joined",IF(G70="Yes","Offer Declined",IF(F70="Yes","Rejected after Interview",IF(E70="Yes","Not Selected for Interview","Rejected at Screening"))))) -> Rejected after Interview
A71: CAND-070 | B71: Sales Executive | C71: LinkedIn | D71: 46237 | E71: Yes | F71: No | G71: No | H71: No | J71: =IF(A71="","",IF(AND(H71="Yes",I71<>""),I71-D71,"")) | K71: =IF(A71="","",IF(H71="Yes","Joined",IF(G71="Yes","Offer Declined",IF(F71="Yes","Rejected after Interview",IF(E71="Yes","Not Selected for Interview","Rejected at Screening"))))) -> Not Selected for Interview
A72: CAND-071 | B72: Sales Executive | C72: LinkedIn | D72: 46237 | E72: Yes | F72: No | G72: No | H72: No | J72: =IF(A72="","",IF(AND(H72="Yes",I72<>""),I72-D72,"")) | K72: =IF(A72="","",IF(H72="Yes","Joined",IF(G72="Yes","Offer Declined",IF(F72="Yes","Rejected after Interview",IF(E72="Yes","Not Selected for Interview","Rejected at Screening"))))) -> Not Selected for Interview
A73: CAND-072 | B73: Sales Executive | C73: Indeed | D73: 46238 | E73: No | F73: No | G73: No | H73: No | J73: =IF(A73="","",IF(AND(H73="Yes",I73<>""),I73-D73,"")) | K73: =IF(A73="","",IF(H73="Yes","Joined",IF(G73="Yes","Offer Declined",IF(F73="Yes","Rejected after Interview",IF(E73="Yes","Not Selected for Interview","Rejected at Screening"))))) -> Rejected at Screening
A74: CAND-073 | B74: Customer Support Executive | C74: Indeed | D74: 46238 | E74: Yes | F74: No | G74: No | H74: No | J74: =IF(A74="","",IF(AND(H74="Yes",I74<>""),I74-D74,"")) | K74: =IF(A74="","",IF(H74="Yes","Joined",IF(G74="Yes","Offer Declined",IF(F74="Yes","Rejected after Interview",IF(E74="Yes","Not Selected for Interview","Rejected at Screening"))))) -> Not Selected for Interview
... A83: CAND-082 | B83: Customer Support Executive | C83: LinkedIn | D83: 46245 | E83: No | F83: No | G83: No | H83: No | J83: =IF(A83="","",IF(AND(H83="Yes",I83<>""),I83-D83,"")) | K83: =IF(A83="","",IF(H83="Yes","Joined",IF(G83="Yes","Offer Declined",IF(F83="Yes","Rejected after Interview",IF(E83="Yes","Not Selected for Interview","Rejected at Screening"))))) -> Rejected at Screening
A84: CAND-083 | B84: Customer Support Executive | C84: LinkedIn | D84: 46246 | E84: Yes | F84: Yes | G84: Yes | H84: Yes | I84: 46281 | J84: =IF(A84="","",IF(AND(H84="Yes",I84<>""),I84-D84,"")) -> 35 | K84: =IF(A84="","",IF(H84="Yes","Joined",IF(G84="Yes","Offer Declined",IF(F84="Yes","Rejected after Interview",IF(E84="Yes","Not Selected for Interview","Rejected at Screening"))))) -> Joined
A85: CAND-084 | B85: Customer Support Executive | C85: LinkedIn | D85: 46247 | E85: No | F85: No | G85: No | H85: No | J85: =IF(A85="","",IF(AND(H85="Yes",I85<>""),I85-D85,"")) | K85: =IF(A85="","",IF(H85="Yes","Joined",IF(G85="Yes","Offer Declined",IF(F85="Yes","Rejected after Interview",IF(E85="Yes","Not Selected for Interview","Rejected at Screening"))))) -> Rejected at Screening
A86: CAND-085 | B86: HR Executive | C86: Employee Referral | D86: 46247 | E86: Yes | F86: Yes | G86: No | H86: No | J86: =IF(A86="","",IF(AND(H86="Yes",I86<>""),I86-D86,"")) | K86: =IF(A86="","",IF(H86="Yes","Joined",IF(G86="Yes","Offer Declined",IF(F86="Yes","Rejected after Interview",IF(E86="Yes","Not Selected for Interview","Rejected at Screening"))))) -> Rejected after Interview
A87: CAND-086 | B87: Sales Executive | C87: Indeed | D87: 46249 | E87: Yes | F87: Yes | G87: Yes | H87: Yes | I87: 46289 | J87: =IF(A87="","",IF(AND(H87="Yes",I87<>""),I87-D87,"")) -> 40 | K87: =IF(A87="","",IF(H87="Yes","Joined",IF(G87="Yes","Offer Declined",IF(F87="Yes","Rejected after Interview",IF(E87="Yes","Not Selected for Interview","Rejected at Screening"))))) -> Joined
A88: CAND-087 | B88: Sales Executive | C88: LinkedIn | D88: 46249 | E88: Yes | F88: Yes | G88: Yes | H88: Yes | I88: 46283 | J88: =IF(A88="","",IF(AND(H88="Yes",I88<>""),I88-D88,"")) -> 34 | K88: =IF(A88="","",IF(H88="Yes","Joined",IF(G88="Yes","Offer Declined",IF(F88="Yes","Rejected after Interview",IF(E88="Yes","Not Selected for Interview","Rejected at Screening"))))) -> Joined
A89: CAND-088 | B89: Digital Marketing Executive | C89: Naukri | D89: 46252 | E89: No | F89: No | G89: No | H89: No | J89: =IF(A89="","",IF(AND(H89="Yes",I89<>""),I89-D89,"")) | K89: =IF(A89="","",IF(H89="Yes","Joined",IF(G89="Yes","Offer Declined",IF(F89="Yes","Rejected after Interview",IF(E89="Yes","Not Selected for Interview","Rejected at Screening"))))) -> Rejected at Screening
A90: CAND-089 | B90: Sales Executive | C90: Campus | D90: 46254 | E90: Yes | F90: Yes | G90: No | H90: No | J90: =IF(A90="","",IF(AND(H90="Yes",I90<>""),I90-D90,"")) | K90: =IF(A90="","",IF(H90="Yes","Joined",IF(G90="Yes","Offer Declined",IF(F90="Yes","Rejected after Interview",IF(E90="Yes","Not Selected for Interview","Rejected at Screening"))))) -> Rejected after Interview
A91: CAND-090 | B91: Sales Executive | C91: Employee Referral | D91: 46255 | E91: Yes | F91: No | G91: No | H91: No | J91: =IF(A91="","",IF(AND(H91="Yes",I91<>""),I91-D91,"")) | K91: =IF(A91="","",IF(H91="Yes","Joined",IF(G91="Yes","Offer Declined",IF(F91="Yes","Rejected after Interview",IF(E91="Yes","Not Selected for Interview","Rejected at Screening"))))) -> Not Selected for Interview
A92: CAND-091 | B92: Sales Executive | C92: Naukri | D92: 46255 | E92: No | F92: No | G92: No | H92: No | J92: =IF(A92="","",IF(AND(H92="Yes",I92<>""),I92-D92,"")) | K92: =IF(A92="","",IF(H92="Yes","Joined",IF(G92="Yes","Offer Declined",IF(F92="Yes","Rejected after Interview",IF(E92="Yes","Not Selected for Interview","Rejected at Screening"))))) -> Rejected at Screening
A93: CAND-092 | B93: Sales Executive | C93: Naukri | D93: 46256 | E93: Yes | F93: No | G93: No | H93: No | J93: =IF(A93="","",IF(AND(H93="Yes",I93<>""),I93-D93,"")) | K93: =IF(A93="","",IF(H93="Yes","Joined",IF(G93="Yes","Offer Declined",IF(F93="Yes","Rejected after Interview",IF(E93="Yes","Not Selected for Interview","Rejected at Screening"))))) -> Not Selected for Interview
A94: CAND-093 | B94: Sales Executive | C94: Indeed | D94: 46257 | E94: Yes | F94: Yes | G94: Yes | H94: Yes | I94: 46298 | J94: =IF(A94="","",IF(AND(H94="Yes",I94<>""),I94-D94,"")) -> 41 | K94: =IF(A94="","",IF(H94="Yes","Joined",IF(G94="Yes","Offer Declined",IF(F94="Yes","Rejected after Interview",IF(E94="Yes","Not Selected for Interview","Rejected at Screening"))))) -> Joined
A95: CAND-094 | B95: Sales Executive | C95: Naukri | D95: 46257 | E95: Yes | F95: Yes | G95: Yes | H95: No | J95: =IF(A95="","",IF(AND(H95="Yes",I95<>""),I95-D95,"")) | K95: =IF(A95="","",IF(H95="Yes","Joined",IF(G95="Yes","Offer Declined",IF(F95="Yes","Rejected after Interview",IF(E95="Yes","Not Selected for Interview","Rejected at Screening"))))) -> Offer Declined
A96: CAND-095 | B96: Digital Marketing Executive | C96: Employee Referral | D96: 46260 | E96: No | F96: No | G96: No | H96: No | J96: =IF(A96="","",IF(AND(H96="Yes",I96<>""),I96-D96,"")) | K96: =IF(A96="","",IF(H96="Yes","Joined",IF(G96="Yes","Offer Declined",IF(F96="Yes","Rejected after Interview",IF(E96="Yes","Not Selected for Interview","Rejected at Screening"))))) -> Rejected at Screening
A97: CAND-096 | B97: Customer Support Executive | C97: LinkedIn | D97: 46261 | E97: Yes | F97: Yes | G97: Yes | H97: Yes | I97: 46295 | J97: =IF(A97="","",IF(AND(H97="Yes",I97<>""),I97-D97,"")) -> 34 | K97: =IF(A97="","",IF(H97="Yes","Joined",IF(G97="Yes","Offer Declined",IF(F97="Yes","Rejected after Interview",IF(E97="Yes","Not Selected for Interview","Rejected at Screening"))))) -> Joined
A98: CAND-097 | B98: Customer Support Executive | C98: LinkedIn | D98: 46261 | E98: No | F98: No | G98: No | H98: No | J98: =IF(A98="","",IF(AND(H98="Yes",I98<>""),I98-D98,"")) | K98: =IF(A98="","",IF(H98="Yes","Joined",IF(G98="Yes","Offer Declined",IF(F98="Yes","Rejected after Interview",IF(E98="Yes","Not Selected for Interview","Rejected at Screening"))))) -> Rejected at Screening
A99: CAND-098 | B99: Customer Support Executive | C99: LinkedIn | D99: 46263 | E99: Yes | F99: Yes | G99: No | H99: No | J99: =IF(A99="","",IF(AND(H99="Yes",I99<>""),I99-D99,"")) | K99: =IF(A99="","",IF(H99="Yes","Joined",IF(G99="Yes","Offer Declined",IF(F99="Yes","Rejected after Interview",IF(E99="Yes","Not Selected for Interview","Rejected at Screening"))))) -> Rejected after Interview
A100: CAND-099 | B100: Customer Support Executive | C100: Campus | D100: 46264 | E100: No | F100: No | G100: No | H100: No | J100: =IF(A100="","",IF(AND(H100="Yes",I100<>""),I100-D100,"")) | K100: =IF(A100="","",IF(H100="Yes","Joined",IF(G100="Yes","Offer Declined",IF(F100="Yes","Rejected after Interview",IF(E100="Yes","Not Selected for Interview","Rejected at Screening"))))) -> Rejected at Screening
A101: CAND-100 | B101: Sales Executive | C101: Employee Referral | D101: 46265 | E101: Yes | F101: Yes | G101: Yes | H101: Yes | I101: 46281 | J101: =IF(A101="","",IF(AND(H101="Yes",I101<>""),I101-D101,"")) -> 16 | K101: =IF(A101="","",IF(H101="Yes","Joined",IF(G101="Yes","Offer Declined",IF(F101="Yes","Rejected after Interview",IF(E101="Yes","Not Selected for Interview","Rejected at Screening"))))) -> Joined
J102: =IF(A102="","",IF(AND(H102="Yes",I102<>""),I102-D102,"")) | K102: =IF(A102="","",IF(H102="Yes","Joined",IF(G102="Yes","Offer Declined",IF(F102="Yes","Rejected after Interview",IF(E102="Yes","Not Selected for Interview","Rejected at Screening")))))
J103: =IF(A103="","",IF(AND(H103="Yes",I103<>""),I103-D103,"")) | K103: =IF(A103="","",IF(H103="Yes","Joined",IF(G103="Yes","Offer Declined",IF(F103="Yes","Rejected after Interview",IF(E103="Yes","Not Selected for Interview","Rejected at Screening")))))
J104: =IF(A104="","",IF(AND(H104="Yes",I104<>""),I104-D104,"")) | K104: =IF(A104="","",IF(H104="Yes","Joined",IF(G104="Yes","Offer Declined",IF(F104="Yes","Rejected after Interview",IF(E104="Yes","Not Selected for Interview","Rejected at Screening")))))
J105: =IF(A105="","",IF(AND(H105="Yes",I105<>""),I105-D105,"")) | K105: =IF(A105="","",IF(H105="Yes","Joined",IF(G105="Yes","Offer Declined",IF(F105="Yes","Rejected after Interview",IF(E105="Yes","Not Selected for Interview","Rejected at Screening")))))
J106: =IF(A106="","",IF(AND(H106="Yes",I106<>""),I106-D106,"")) | K106: =IF(A106="","",IF(H106="Yes","Joined",IF(G106="Yes","Offer Declined",IF(F106="Yes","Rejected after Interview",IF(E106="Yes","Not Selected for Interview","Rejected at Screening")))))
J107: =IF(A107="","",IF(AND(H107="Yes",I107<>""),I107-D107,"")) | K107: =IF(A107="","",IF(H107="Yes","Joined",IF(G107="Yes","Offer Declined",IF(F107="Yes","Rejected after Interview",IF(E107="Yes","Not Selected for Interview","Rejected at Screening")))))
J108: =IF(A108="","",IF(AND(H108="Yes",I108<>""),I108-D108,"")) | K108: =IF(A108="","",IF(H108="Yes","Joined",IF(G108="Yes","Offer Declined",IF(F108="Yes","Rejected after Interview",IF(E108="Yes","Not Selected for Interview","Rejected at Screening")))))
...

Sheet ReadMe
A1: Recruitment Funnel Dashboard - How to use
A3: Purpose
A4: Tracks candidates through the hiring funnel (Applied > Shortlisted > Interviewed > Offer > Joined) and shows which sourcing channels and roles convert best.
A6: Sheets
A7: Dashboard - KPIs, funnel, source and role tables, charts and auto-updating insights. Do not type here; it is all formulas.
A8: Candidate_Data - one row per candidate. This is the only sheet you edit.
A10: Colour legend
A11: Blue text = input you can change (Role, Source, dates, Yes/No stages).
A12: Black text = formula. Do not overwrite (Days to Hire, Final Status, everything on the Dashboard).
A14: To use your own data
A15: 1. In Candidate_Data, replace the blue cells with your own ANONYMISED data (use IDs like CAND-001, never real names or phone numbers).
A16: 2. Enter Yes or No for Shortlisted, Interviewed, Offer Made and Joined (dropdowns are provided). A candidate marked Joined should also be marked Yes in every earlier stage.
... A26: COUNTIF / COUNTIFS, AVERAGEIFS, INDEX-MATCH, data validation, conditional summaries, charts, KPI dashboard design.
