Workbook

Sheet Summary
A1: ATS Summary (updates automatically from the Candidates sheet)
A3: Job | B3: Total | C3: Selected | D3: Hold | E3: Rejected | F3: Manual Review | G3: Average Score | H3: Selection Rate
A4: Junior Data Analyst | B4: =COUNTIFS(Candidates!$C:$C,$A4) -> 8 | C4: =COUNTIFS(Candidates!$C:$C,$A4,Candidates!$N:$N,"SELECTED") -> 2 | D4: =COUNTIFS(Candidates!$C:$C,$A4,Candidates!$N:$N,"HOLD") -> 2 | E4: =COUNTIFS(Candidates!$C:$C,$A4,Candidates!$N:$N,"REJECTED") -> 3 | F4: =COUNTIFS(Candidates!$C:$C,$A4,Candidates!$N:$N,"MANUAL REVIEW") -> 1 | G4: =IFERROR(AVERAGEIFS(Candidates!$M:$M,Candidates!$C:$C,$A4),0) -> 69.675 | H4: =IF(B4=0,0,C4/B4) -> 0.25
A5: Sales Executive | B5: =COUNTIFS(Candidates!$C:$C,$A5) -> 0 | C5: =COUNTIFS(Candidates!$C:$C,$A5,Candidates!$N:$N,"SELECTED") -> 0 | D5: =COUNTIFS(Candidates!$C:$C,$A5,Candidates!$N:$N,"HOLD") -> 0 | E5: =COUNTIFS(Candidates!$C:$C,$A5,Candidates!$N:$N,"REJECTED") -> 0 | F5: =COUNTIFS(Candidates!$C:$C,$A5,Candidates!$N:$N,"MANUAL REVIEW") -> 0 | G5: =IFERROR(AVERAGEIFS(Candidates!$M:$M,Candidates!$C:$C,$A5),0) -> 0 | H5: =IF(B5=0,0,C5/B5) -> 0
A6: HR Intern (Talent Acquisition) | B6: =COUNTIFS(Candidates!$C:$C,$A6) -> 0 | C6: =COUNTIFS(Candidates!$C:$C,$A6,Candidates!$N:$N,"SELECTED") -> 0 | D6: =COUNTIFS(Candidates!$C:$C,$A6,Candidates!$N:$N,"HOLD") -> 0 | E6: =COUNTIFS(Candidates!$C:$C,$A6,Candidates!$N:$N,"REJECTED") -> 0 | F6: =COUNTIFS(Candidates!$C:$C,$A6,Candidates!$N:$N,"MANUAL REVIEW") -> 0 | G6: =IFERROR(AVERAGEIFS(Candidates!$M:$M,Candidates!$C:$C,$A6),0) -> 0 | H6: =IF(B6=0,0,C6/B6) -> 0
A7: Total | B7: =SUM(B4:B6) -> 8 | C7: =SUM(C4:C6) -> 2 | D7: =SUM(D4:D6) -> 2 | E7: =SUM(E4:E6) -> 3 | F7: =SUM(F4:F6) -> 1 | G7: =IFERROR(AVERAGE(Candidates!$M$2:$M$5000),0) -> 69.675 | H7: =IF(B7=0,0,C7/B7) -> 0.25

Sheet Candidates
A1: Candidate ID | B1: Processed On | C1: Job | D1: Resume File | E1: Name | F1: Email | G1: Phone | H1: Education | I1: Experience (yrs) | J1: Must-have Skills Matched | K1: Must-have Skills Missing | L1: Nice-to-have Skills Matched | M1: Score (/100) | N1: Decision | O1: Reasons / Notes
A2: ATS-0001 | B2: 2026-10-13 14:13 | C2: Junior Data Analyst | D2: amit_shah.docx | E2: Amit Shah | H2: bachelor | I2: 1 | J2: excel, sql, data visualization | L2: power bi, statistics | M2: 86.5 | N2: REJECTED | O2: FAILED Contact details (Email: no; Phone: no)
A3: ATS-0002 | B3: 2026-10-13 14:13 | C3: Junior Data Analyst | D3: karan_mehta.txt | E3: Karan Mehta | F3: karan.mehta@example.com | G3: 9900044444 | H3: master | I3: 11.4 | J3: excel, sql, data visualization | L3: power bi, tableau, python, statistics, google sheets | M3: 93.6 | N3: HOLD | O3: Score 93.6, but experience is above the role's maximum (possibly over-qualified). Recruiter to confirm interest in this level, or consider a senior role.
A4: ATS-0003 | B4: 2026-10-13 14:13 | C4: Junior Data Analyst | D4: neha_joshi.pdf | E4: Neha Joshi | F4: neha.joshi@example.com | G4: 9870055555 | H4: diploma | I4: 0.6 | J4: excel, sql, data visualization | M4: 72.4 | N4: REJECTED | O4: FAILED Minimum education (Found: diploma; required: bachelor)
A5: ATS-0004 | B5: 2026-10-13 14:13 | C5: Junior Data Analyst | D5: priya_nair.docx | E5: Priya Nair | F5: priya.nair@example.com | G5: 9820011111 | H5: bachelor | I5: 2 | J5: excel, sql, data visualization | L5: power bi, tableau, python, statistics, google sheets | M5: 94.7 | N5: SELECTED | O5: Passed all knockout tests; score 94.7. Weakest: Role relevance (5.0/10), Resume quality (9.7/10)
A6: ATS-0005 | B6: 2026-10-13 14:13 | C6: Junior Data Analyst | D6: rahul_verma.pdf | E6: Rahul Verma | F6: rahul.verma@example.com | G6: 9700022222 | H6: bachelor | I6: 0.2 | J6: excel, sql, data visualization | L6: power bi | M6: 90.8 | N6: SELECTED | O6: Passed all knockout tests; score 90.8. Weakest: Nice-to-have skills (2.0/10), Resume quality (8.8/10)
A7: ATS-0006 | B7: 2026-10-13 14:13 | C7: Junior Data Analyst | D7: scanned_resume.pdf | E7: scanned_resume | I7: 0 | M7: 0 | N7: MANUAL REVIEW | O7: Could not read text (scanned image, empty or protected file). Review manually.
A8: ATS-0007 | B8: 2026-10-13 14:13 | C8: Junior Data Analyst | D8: sneha_kulkarni.txt | E8: Sneha Kulkarni | F8: sneha.k@example.com | G8: 9811133333 | H8: bachelor | I8: 0.5 | J8: excel | K8: sql, data visualization | M8: 53.5 | N8: REJECTED | O8: FAILED Must-have skills (Matched 1/3 (needs 60%). Missing: sql, data visualization)
A9: ATS-0008 | B9: 2026-10-13 14:13 | C9: Junior Data Analyst | D9: vikram_rao.docx | E9: Vikram Rao | F9: vikram.rao@example.com | G9: 9810066666 | H9: bachelor | I9: 1 | J9: excel, sql | K9: data visualization | M9: 65.9 | N9: HOLD | O9: Passed knockouts but score 65.9 is below 70. Weakest: Must-have skills (23.3/35), Nice-to-have skills (0.0/10)

Sheet Test_Results
A1: Candidate ID | B1: Name | C1: Test | D1: Result | E1: Score | F1: Max | G1: Knockout test? | H1: Detail
A2: ATS-0001 | B2: Amit Shah | C2: Contact details | D2: FAIL | E2: 0 | F2: 5 | G2: Yes | H2: Email: no; Phone: no
A3: ATS-0001 | B3: Amit Shah | C3: Minimum education | D3: PASS | E3: 10 | F3: 10 | G3: Yes | H3: Found: bachelor; required: bachelor
A4: ATS-0001 | B4: Amit Shah | C4: Experience range | D4: PASS | E4: 15 | F4: 15 | G4: No | H4: 1.0 yrs (stated in resume); within 0-2 yrs
A5: ATS-0001 | B5: Amit Shah | C5: Must-have skills | D5: PASS | E5: 35 | F5: 35 | G5: Yes | H5: Matched 3/3 (needs 60%). Missing: none
A6: ATS-0001 | B6: Amit Shah | C6: Nice-to-have skills | D6: PASS | E6: 4 | F6: 10 | G6: No | H6: Matched 2/5: power bi, statistics
A7: ATS-0001 | B7: Amit Shah | C7: Role relevance | D7: PASS | E7: 10 | F7: 10 | G7: No | H7: Keywords found: data analyst, analytics
A8: ATS-0001 | B8: Amit Shah | C8: Resume quality | D8: FAIL | E8: 7.5 | F8: 10 | G8: No | H8: 75 words; core sections found: 3/3
A9: ATS-0001 | B9: Amit Shah | C9: Location | D9: PASS | E9: 5 | F9: 5 | G9: No | H9: No location requirement
A10: ATS-0002 | B10: Karan Mehta | C10: Contact details | D10: PASS | E10: 5 | F10: 5 | G10: Yes | H10: Email: yes; Phone: yes
A11: ATS-0002 | B11: Karan Mehta | C11: Minimum education | D11: PASS | E11: 10 | F11: 10 | G11: Yes | H11: Found: master; required: bachelor
A12: ATS-0002 | B12: Karan Mehta | C12: Experience range | D12: PASS | E12: 10.5 | F12: 15 | G12: No | H12: 11.4 yrs (calculated from dates); above maximum of 2 yrs (possibly over-qualified)
A13: ATS-0002 | B13: Karan Mehta | C13: Must-have skills | D13: PASS | E13: 35 | F13: 35 | G13: Yes | H13: Matched 3/3 (needs 60%). Missing: none
... A57: ATS-0008 | B57: Vikram Rao | C57: Location | D57: PASS | E57: 5 | F57: 5 | G57: No | H57: No location requirement
